"Attrition","AvgDist","StdevDist"
"No",8.91565287915653,8.01263348549751
"Yes",10.6329113924051,8.45252526982502
